f0,f1,f2,f3,f4,f5,f6,f7,f8,f9,f10,f11,treatment,conversion,visit,exposure
14.279703597289904,10.059654474774549,8.214382844395335,-0.7712607863919061,10.280525225748212,4.115453421277861,-14.248034399513587,4.833814577796811,3.971857989350875,13.190055934673358,5.300374864042156,-0.1686792210005612,1,0,0,0
24.320392248180685,10.059654474774549,8.214382844395335,4.679881620097284,10.280525225748212,4.115453421277861,-14.431752736161812,4.833814577796811,3.971857989350875,13.190055934673358,5.300374864042156,-0.1686792210005612,1,0,0,0
13.749993412856943,10.67951260623903,8.281819071996745,1.267425111535997,11.02958446403841,3.01306434186306,-6.699321423701454,5.410683572149052,3.899111947127992,26.60615590244928,5.574578015706956,-0.2673502399367461,1,0,0,1
13.528789814777644,10.67951260623903,8.622374933568253,0.4952053627801431,10.280525225748212,3.01306434186306,-8.883666417678066,8.32857399849772,3.863286647101873,16.226044033102564,5.300374864042156,-0.1686792210005612,0,0,0,0
15.592651155852408,10.059654474774549,8.214382844395335,3.907661871341429,10.280525225748212,4.115453421277861,-2.411114577488788,4.833814577796811,3.971857989350875,13.190055934673358,5.300374864042156,-0.1686792210005612,1,0,0,0
